Page URL,Data added,Name,URL
https://www.notion.so/11b98271e1e4816ba3fde2049e6dacf6,"""2024-10-10T08:06:00.000Z""",Pyramid Flow,"""https://pyramid-flow.github.io/"""
https://www.notion.so/11598271e1e4815281d4c3e2ebd7c0f4,"""2024-10-04T09:11:00.000Z""",EnzymeFlow: Generating Reaction-specific Enzyme Catalytic Pockets through Flow Matching and Co-Evolutionary Dynamics,"""https://arxiv.org/html/2410.00327v1#A7"""
https://www.notion.so/10f98271e1e481799ef8cd48bc4e6cae,"""2024-09-28T07:49:00.000Z""",Effects of residue substitutions on the cellular abundance of proteins,"""https://www.biorxiv.org/content/10.1101/2024.09.23.614650v1.full.pdf+html"""
https://www.notion.so/10698271e1e481f9ad62f6d6f05f86ca,"""2024-09-19T08:44:00.000Z""",mdCATH: A Large-Scale MD Dataset for Data-Driven Computational Biophysics,"""https://arxiv.org/abs/2407.14794"""
https://www.notion.so/026fc71d621d4b75859da054485d3615,"""2024-08-19T08:32:00.000Z""",Entangled biphoton generation in the myelin sheath,"""https://journals.aps.org/pre/abstract/10.1103/PhysRevE.110.024402#fulltext"""
https://www.notion.so/edb82dd0365442d1938ab75687ff1356,"""2024-07-25T13:26:00.000Z""",Starvar: symptom-based tool for automatic ranking of variants using evidence from literature and genomes,"""https://pubmed.ncbi.nlm.nih.gov/37479972/"""
https://www.notion.so/f0c116957ef4496599184fc4d87a0855,"""2024-07-24T15:28:00.000Z""",Aligning protein generative models with experimental fitness via Direct Preference Optimization | bioRxiv,"""https://www.biorxiv.org/content/10.1101/2024.05.20.595026v1"""
https://www.notion.so/c414d80389154d959fe1f7efedf0814f,"""2024-07-23T08:04:00.000Z""",Contextual AI models for single-cell protein biology | Nature Methods,"""https://www.nature.com/articles/s41592-024-02341-3.epdf?sharing_token=OszHUqgqk1AHlMXU5Bq4b9RgN0jAjWel9jnR3ZoTv0Od3H1PiVrQirxA79rxTDzyC6ouVNdbqjMYxGgue2bG1FGnZ2OGk1viLxcMW0i5gsZu4Mq-TlDUdbfg-XdWtANooGN2Xp7DULZRJBHMA02nHa3nhnOfuRPqiCMcSBw8rgA%3D"""
https://www.notion.so/6dbcafafb0c3442685fdcb955681d458,"""2024-07-19T10:03:00.000Z""",Accurate structure prediction of biomolecular interactions with AlphaFold 3,"""https://www.nature.com/articles/s41586-024-07487-w"""
https://www.notion.so/d17da26e758b44249c444aebc8e98e02,"""2024-07-16T20:22:00.000Z""",LAB-Bench: Measuring Capabilities of Language Models for Biology Research,"""https://arxiv.org/html/2407.10362v3"""
https://www.notion.so/747dc1d1dde142cfa47883fdb87bb8a1,"""2024-07-11T16:53:00.000Z""",Detecting hallucinations in large language models using semantic entropy | Nature,"""https://www.nature.com/articles/s41586-024-07421-0"""
https://www.notion.so/95718b7b647c4373b150c673ce9f56ca,"""2024-04-12T11:15:00.000Z""",VarChat: the generative AI assistant for the interpretation of human genomic variations | Bioinformatics | Oxford Academic,"""https://academic.oup.com/bioinformatics/advance-article/doi/10.1093/bioinformatics/btae183/7641533?login=false"""
https://www.notion.so/f23e018c870046b090694478b34c3c4f,"""2024-02-05T09:46:00.000Z""",DNA-Diffusion: Leveraging Generative Models for Controlling Chromatin Accessibility and Gene Expression via Synthetic Regulatory Elements,"""https://twitter.com/lucapinello/status/1753506203081265474?s=46&t=r4n7retBQvdnaMANjAD7rA"""
https://www.notion.so/2b7464c66a8c41bfa03b0f03d430b66b,"""2024-02-03T08:31:00.000Z""",Understanding the cell: Future views of structural biology,"""https://www.cell.com/cell/fulltext/S0092-8674(23)01349-1"""
https://www.notion.so/cc027b70c84444ed89ebdc286a7732a8,"""2024-02-02T20:30:00.000Z""",CRAG - Corrective RAG,"""https://arxiv.org/abs/2401.15884v1"""
https://www.notion.so/e6f89b634ae54ba9b8d0c4d9e7cfdc96,"""2024-02-02T14:56:00.000Z""",Distance-AF: Modifying Predicted Protein Structure Models by Alphafold2 with User-Specified Distance Constraints - PMC,"""https://www.ncbi.nlm.nih.gov/pmc/articles/PMC10723377/"""
https://www.notion.so/6be950eb76c4457184c16a56cbfe1641,"""2024-01-25T11:03:00.000Z""",Pre-Training Protein Encoder via Siamese Sequence-Structure Diffusion Trajectory Prediction | OpenReview,"""https://openreview.net/forum?id=tIzbNQko3c"""
https://www.notion.so/3c08146501184c2790943788b2f2877f,"""2024-01-24T18:38:00.000Z""",SPEACH_AF: Sampling protein ensembles and conformational heterogeneity with Alphafold2 | PLOS Computational Biology,"""https://journals.plos.org/ploscompbiol/article?id=10.1371/journal.pcbi.1010483"""
https://www.notion.so/24c8dfca7f7140429c71590ee6cf6f3d,"""2024-01-24T18:30:00.000Z""",AlphaFold2 and Deep Learning for Elucidating Enzyme Conformational Flexibility and Its Application for Design | JACS Au,"""https://pubs.acs.org/doi/10.1021/jacsau.3c00188"""
https://www.notion.so/d48381854a1149f7b97f09aead7c404b,"""2024-01-23T14:30:00.000Z""",Programmable synthetic receptors: the next-generation of cell and gene therapies | Signal Transduction and Targeted Therapy,"""https://www.nature.com/articles/s41392-023-01680-5"""
https://www.notion.so/0a700a961dbf4e2ab68a4e75c9920c25,"""2024-01-23T10:32:00.000Z""","Estimating peptide half‐life in serum from tunable, sequence‐related physicochemical properties - PMC","""https://www.ncbi.nlm.nih.gov/pmc/articles/PMC8301568/#cts12985-sup-0002"""
https://www.notion.so/8a66eef135554e7981af845c0c0359cb,"""2024-01-22T13:37:00.000Z""",Highly accurate protein structure prediction with AlphaFold | Nature,"""https://www.nature.com/articles/s41586-021-03819-2"""
https://www.notion.so/1f59d2420c3e4dac8fa495bc4a7e33d2,"""2024-01-17T14:58:00.000Z""",AlphaFold Meets Flow Matching for generating protein ensembles,"""https://openreview.net/forum?id=yQcebEgQfH"""
https://www.notion.so/bbdf9c9ef6e14724ad7542b1a11de3a0,"""2024-01-16T19:56:00.000Z""",ACS special issue on AI and synthetic biology ,"""https://pubs.acs.org/doi/full/10.1021/acssynbio.3c00760"""
https://www.notion.so/1ebd51a0bd7d486c889665c7e33393ca,"""2024-01-10T09:06:00.000Z""",Using NMR diffusion data to validate MD models of disordered proteins: Test case of N-terminal tail of histone H4,"""https://www.cell.com/biophysj/fulltext/S0006-3495(23)00720-8?s=09"""
https://www.notion.so/aa22e69a8f93431e874a5a004e1bafe2,"""2024-01-08T09:28:00.000Z""",Ferulic acid production by metabolically engineered Escherichia coli | Bioresources and Bioprocessing | Full Text,"""https://bioresourcesbioprocessing.springeropen.com/articles/10.1186/s40643-021-00423-0"""
https://www.notion.so/1ec9a416eb3c4f1f9b63787e8f4c358a,"""2023-12-29T22:18:00.000Z""",An atlas of gene regulatory elements in adult mouse cerebrum | Nature,"""https://www.nature.com/articles/s41586-021-03604-1"""
https://www.notion.so/2510553b8f35451aa9b970aeacba66d3,"""2023-12-19T14:08:00.000Z""",Fine-tuning protein language models boosts predictions across diverse tasks | bioRxiv,"""https://www.biorxiv.org/content/10.1101/2023.12.13.571462v1"""
https://www.notion.so/85cdc88682404821a9548150a6a0b83e,"""2023-12-13T13:10:00.000Z""",Design and engineering of artificial biosynthetic pathways—where do we stand and where do we go? - Sokolova - 2023 - FEBS Letters - Wiley Online Library,"""https://febs.onlinelibrary.wiley.com/doi/10.1002/1873-3468.14745"""
https://www.notion.so/58170c5069fe478484a9028dc745e542,"""2023-11-26T18:36:00.000Z""",Machine Learning Generation of Dynamic Protein Conformational Ensembles,"""https://www.mdpi.com/1420-3049/28/10/4047"""
https://www.notion.so/973d5998360245bbb6cb2cc20a6132d2,"""2023-11-23T09:32:00.000Z""","Colabfold predicts alternative protein structures from single sequences, coevolution unnecessary for AF-cluster | bioRxiv","""https://www.biorxiv.org/content/10.1101/2023.11.21.567977v1"""
https://www.notion.so/eabe506f2e22435798dbc3829693b097,"""2023-10-27T11:29:00.000Z""",Searching similar local 3D micro-environments in protein structure databases with MicroMiner | Briefings in Bioinformatics | Oxford Academic,"""https://academic.oup.com/bib/article-abstract/24/6/bbad357/7311328?redirectedFrom=PDF"""
https://www.notion.so/97e7ca7735fe435b9f1871f2b3004fd0,"""2023-10-27T11:15:00.000Z""",Protein–protein contact prediction by geometric triangle-aware protein language models,"""https://www.nature.com/articles/s42256-023-00741-2?s=09"""
https://www.notion.so/8ef9a6a73d154c4383da5b7be7fc00a6,"""2023-10-24T09:33:00.000Z""",IET Digital Library: Engineering novel synthetic biological systems,"""https://digital-library.theiet.org/content/journals/10.1049/iet-stb_20060004"""
https://www.notion.so/80dc457447dd4b5ba36cfb7db4f989ad,"""2023-10-19T21:06:00.000Z""",GUANinE v0.9: Benchmark Datasets for Genomic AI Sequence-to-Function Models | bioRxiv,"""https://www.biorxiv.org/content/10.1101/2023.10.12.562113v1"""
https://www.notion.so/8731c16cd9114200bb661d7c5a4b0155,"""2023-10-19T21:04:00.000Z""","Development of novel thiazolidine-2,4-dione derivatives as PPAR-γ agonists through design, synthesis, computational docking, MD simulation, and comprehensive in vitro and in vivo evaluation - RSC Medicinal Chemistry (RSC Publishing)","""https://pubs.rsc.org/en/content/articlelanding/2023/MD/D3MD00273J"""
https://www.notion.so/8c49c80297d94ae19f287bac9cdd81ad,"""2023-10-18T20:35:00.000Z""",Symplectic encoders for physics-constrained variational dynamics inference | Scientific Reports,"""https://www.nature.com/articles/s41598-023-29186-8"""
https://www.notion.so/072731d7d68a4b3e928c610407c9118b,"""2023-10-18T20:34:00.000Z""",Coarse-graining auto-encoders for molecular dynamics | npj Computational Materials,"""https://www.nature.com/articles/s41524-019-0261-5"""
https://www.notion.so/de789c21f4024ac9becbab7ec763ac7c,"""2023-10-18T20:11:00.000Z""",AlphaFold2 and Deep Learning for Elucidating Enzyme Conformational Flexibility and Its Application for Design | JACS Au,"""https://pubs.acs.org/doi/10.1021/jacsau.3c00188"""
https://www.notion.so/fc211aa59f8d4721a54b470ee6e1db2f,"""2023-10-16T08:36:00.000Z""",GENA-LM: A Family of Open-Source Foundational Models for Long DNA Sequences | bioRxiv,"""https://www.biorxiv.org/content/10.1101/2023.06.12.544594v1"""
https://www.notion.so/4f11e24c28fd4e2296a7d7d85cef3525,"""2023-10-16T08:33:00.000Z""",GPN-MSA: an alignment-based DNA language model for genome-wide variant effect prediction | bioRxiv,"""https://www.biorxiv.org/content/10.1101/2023.10.10.561776v1"""
https://www.notion.so/a35d52572c374b25b48675c00acde2ba,"""2023-10-16T08:32:00.000Z""",[2310.07644] Rethinking the BERT-like Pretraining for DNA Sequences,"""https://arxiv.org/abs/2310.07644"""
https://www.notion.so/53300db6be354a16a02fe4d6f9038fc1,"""2023-10-14T00:46:00.000Z""",Harmonic Self-Conditioned Flow Matching for Multi-Ligand Docking and Binding Site Design,"""https://arxiv.org/abs/2310.05764"""
https://www.notion.so/989bbbe5d4a74ba3bd9eabfacc711b6d,"""2023-10-09T19:01:00.000Z""",Implicit Transfer Operator Learning: Multiple Time-Resolution Surrogates for Molecular Dynamics,"""https://arxiv.org/abs/2305.18046"""
https://www.notion.so/ef0f83f8fc664f05a931a46cbbe25c17,"""2023-10-08T00:58:00.000Z""",SE(3)-Stochastic Flow Matching for Protein Backbone Generation,"""https://arxiv.org/abs/2310.02391"""
https://www.notion.so/1432865492b0401fb1e61a377497678e,"""2023-10-05T16:51:00.000Z""","AACR Project GENIE: 100,000 Cases and Beyond","""https://pubmed.ncbi.nlm.nih.gov/35819403/"""
https://www.notion.so/39b39884eaa742f9835b22e94e7fb445,"""2023-10-03T01:07:00.000Z""",Designing losses for data-free training of normalizing flows on Boltzmann distributions,"""https://arxiv.org/abs/2301.05475"""
https://www.notion.so/24db58d0ad4742319356a3f4017ecb01,"""2023-09-28T10:46:00.000Z""",Using EzMechanism to Unravel the Mysteries of Enzyme Catalysis,"""https://cbirt.net/using-ezmechanism-to-unravel-the-mysteries-of-enzyme-catalysis/"""
https://www.notion.so/d3407563b635437db3a4fa503990040f,"""2023-09-27T15:37:00.000Z""",Machine learning coarse-grained potentials of protein thermodynamics,"""https://www.nature.com/articles/s41467-023-41343-1"""
https://www.notion.so/4c9a9ad16ab24c5b8919209f263434d9,"""2023-09-26T09:37:00.000Z""","Nanopore sequencing of DNA-barcoded probes for highly multiplexed detection of microRNA, proteins and small biomarkers","""https://www.nature.com/articles/s41565-023-01479-z"""
https://www.notion.so/3238388069c946c7a40bb081843fab06,"""2023-09-24T12:19:00.000Z""",Computational design of sequence-specific DNA-binding proteins,"""https://www.biorxiv.org/content/10.1101/2023.09.20.558720v1"""
https://www.notion.so/634ee17489ba475a83e1fdcc5087859a,"""2023-09-23T23:22:00.000Z""",Synthon-based ligand discovery in virtual libraries of over 11 billion compounds | Nature,"""https://www.nature.com/articles/s41586-021-04220-9"""
https://www.notion.so/5547ff79d83f4cd788b09d7dd0db1ec2,"""2023-09-23T23:13:00.000Z""",Allosteric Modulation as a Unifying Mechanism for... - Google Scholar,"""https://scholar.google.it/scholar?q=Allosteric+Modulation+as+a+Unifying+Mechanism+for+Receptor+Function+and+Regulation&hl=en&as_sdt=0&as_vis=1&oi=scholart#d=gs_qabs&t=1695510813070&u=%23p%3DNwvNUonmvNkJ"""
https://www.notion.so/5b27091da93443b281e10c03fab0bba3,"""2023-09-23T21:18:00.000Z""",Is Target-Based Drug Discovery Efficient? Discovery and “Off-Target” Mechanisms of All Drugs | Journal of Medicinal Chemistry,"""https://pubs.acs.org/doi/full/10.1021/acs.jmedchem.2c01737"""
https://www.notion.so/1157bfbaf6b94b47ab76ab63c29f0f69,"""2023-09-22T17:09:00.000Z""",Computing allostery: from the understanding of biomolecular regulation and the discovery of cryptic sites to molecular design - ScienceDirect,"""https://www.sciencedirect.com/science/article/pii/S0959440X23001768"""
https://www.notion.so/221e2407ba9c438f97d84d1ce0cdb96e,"""2023-09-22T12:23:00.000Z""",Cross-modality and self-supervised protein embedding for compound–protein affinity and contact prediction | Bioinformatics | Oxford Academic,"""https://academic.oup.com/bioinformatics/article/38/Supplement_2/ii68/6702011?login=false#401890580"""
https://www.notion.so/095490e8de6c4065b6273b23903f12ac,"""2023-09-22T12:21:00.000Z""","A review on compound-protein interaction prediction methods: Data, format, representation and model - ScienceDirect","""https://www.sciencedirect.com/science/article/pii/S2001037021000763"""
https://www.notion.so/94ee9f66dd5b4648a8c3651087ae5242,"""2023-09-21T21:38:00.000Z""",Prediction and design of protease enzyme specificity using a structure-aware graph convolutional network | PNAS,"""https://www.pnas.org/doi/10.1073/pnas.2303590120"""
https://www.notion.so/6f29ad6605d54155a2b7067618ca7af6,"""2023-09-21T07:35:00.000Z""","A probabilistic view of protein stability, conformational specificity, and design | Scientific Reports","""https://www.nature.com/articles/s41598-023-42032-1"""
https://www.notion.so/9756f2265c194d51951926b6385d3161,"""2023-09-20T10:12:00.000Z""","Integrating glycolysis, citric acid cycle, pentose phosphate pathway, and fatty acid beta-oxidation into a single computational model | Scientific Reports","""https://www.nature.com/articles/s41598-023-41765-3#Tab3"""
https://www.notion.so/98c578e047244871b2429e6bfb56a5d2,"""2023-09-18T22:40:00.000Z""",Mapping protein dynamics at high spatial resolution with temperature-jump X-ray crystallography,"""https://www.nature.com/articles/s41557-023-01329-4"""
https://www.notion.so/3b7ef725113441aab9ce0a5ee58162c9,"""2023-09-18T21:14:00.000Z""",Towards Predicting Equilibrium Distributions for Molecular Systems with Deep Learning,"""https://arxiv.org/abs/2306.05445"""
https://www.notion.so/b6486f0263214b3f8b00a94f196ed440,"""2023-09-17T21:36:00.000Z""",Benchmarking Cross-Docking Strategies for Structure-Informed Machine Learning in Kinase Drug Discovery,"""https://www.biorxiv.org/content/10.1101/2023.09.11.557138v1"""
https://www.notion.so/7b6e098fbb6a470eaf8d8bab77079419,"""2023-09-13T10:56:00.000Z""",Modeling conformational states of proteins with AlphaFold - ScienceDirect,"""https://www.sciencedirect.com/science/article/pii/S0959440X23001197#bib69"""
https://www.notion.so/b05d1839e46e430b8d539b084885fa5f,"""2023-09-12T15:25:00.000Z""",Protein Ensemble Generation through Variational Autoencoder Latent Space Sampling | bioRxiv,"""https://www.biorxiv.org/content/10.1101/2023.08.01.551540v1"""
https://www.notion.so/e2f0762ddc8b4ff89571e209e7b357f9,"""2023-09-12T11:58:00.000Z""",AF2Complex predicts direct physical interactions in multimeric proteins with deep learning | Nature Communications,"""https://www.nature.com/articles/s41467-022-29394-2#further-reading"""
https://www.notion.so/4dad30452af540b29bdf36ffbc2e5b8a,"""2023-09-12T11:57:00.000Z""",Does AlphaFold2 model proteins’ intracellular conformations? An experimental test using cross-linking mass spectrometry of endogenous ciliary proteins | Communications Biology,"""https://www.nature.com/articles/s42003-023-04773-7"""
https://www.notion.so/c9f96ce75f494f4a94b9ebc30ed921db,"""2023-09-07T16:18:00.000Z""","Deep Learning for Protein Peptide binding Prediction: Incorporating Sequence, Structural and Language Model Features | bioRxiv","""https://www.biorxiv.org/content/10.1101/2023.09.02.556055v1"""
https://www.notion.so/814fc15a3e43464fb63c5a5646b32e50,"""2023-09-07T16:17:00.000Z""",Journal of Open Source Software: Molearn: a Python package streamlining the design of generative models of biomolecular dynamics,"""https://joss.theoj.org/papers/10.21105/joss.05523"""
https://www.notion.so/8159433d3ba74563916b5e1471a7a3a3,"""2023-09-06T09:31:00.000Z""",Self-supervised deep learning for highly efficient spatial immunophenotyping,"""https://www.thelancet.com/journals/ebiom/article/PIIS2352-3964(23)00335-3/fulltext"""
https://www.notion.so/44594464a76843aeb61f9b39936a0c5d,"""2023-09-02T10:45:00.000Z""",Watching a Protein as it Functions with 150-ps Time-Resolved X-ray Crystallography,"""https://www.science.org/doi/abs/10.1126/science.1078797"""
https://www.notion.so/7d16e1854a7441208e31b49530acc6c1,"""2023-08-28T07:49:00.000Z""",Leakage and reproducibility crisis ,"""https://www.linkedin.com/posts/franciscoazuaje_leakage-and-the-reproducibility-crisis-in-activity-7100375984410877952-ZIxm?utm_source=share&utm_medium=member_android"""
https://www.notion.so/574ff4597fd742b2aac098faf3ee1ad3,"""2023-08-24T08:21:00.000Z""",Atom-by-atom protein generation and beyond with language models,"""https://cbirt.net/ais-quantum-leap-into-bioengineering-unleashing-language-models-in-atom-by-atom-protein-generation/"""
https://www.notion.so/150bbf9f8095444abb28774d8c8ff44f,"""2023-08-24T07:17:00.000Z""",A multimodal Transformer Network for protein-small molecule interactions enhances drug-target affinity and enzyme-substrate predictions,"""https://www.biorxiv.org/content/10.1101/2023.08.21.554147v1"""
https://www.notion.so/f6781a94db3b4f3fac3df4eab2a7e407,"""2023-08-23T12:57:00.000Z""",Modeling islet enhancers using deep learning identifies candidate causal variants at loci associated with T2D and glycemic traits | PNAS,"""https://www.pnas.org/doi/10.1073/pnas.2206612120"""
https://www.notion.so/a75b4817a507476fbd5cb0219c2dc8bf,"""2023-08-20T13:43:00.000Z""",Towards Predicting Equilibrium Distributions for Molecular Systems with Deep Learning,"""https://arxiv.org/abs/2306.05445"""
https://www.notion.so/41907f9eb35e46a697da91b1c474e45b,"""2023-08-20T11:38:00.000Z""",Genomic language model predicts protein co-regulation and function,"""https://www.biorxiv.org/content/10.1101/2023.04.07.536042v2.abstract"""
https://www.notion.so/62dbdfbf485e48aa8f7dc9fdca77e7aa,"""2023-08-20T11:38:00.000Z""",Artificial intelligence in clinical and genomic diagnostics - Genome Medicine,"""https://genomemedicine.biomedcentral.com/articles/10.1186/s13073-019-0689-8"""
https://www.notion.so/0f6c5b96aba34714893130d4c7f5729e,"""2023-08-20T11:37:00.000Z""","Deep sequencing of 10,000 human genomes | Proceedings of the National Academy of Sciences","""https://www.pnas.org/doi/10.1073/pnas.1613365113"""
https://www.notion.so/b032f64868744bf584c50a19b66a87b8,"""2023-08-17T07:57:00.000Z""",How can the protein design community best support biologists who want to harness AI tools for protein structure prediction and design?: Cell Systems,"""https://www.cell.com/cell-systems/fulltext/S2405-4712(23)00212-0?_returnURL=https%3A%2F%2Flinkinghub.elsevier.com%2Fretrieve%2Fpii%2FS2405471223002120%3Fshowall%3Dtrue"""
https://www.notion.so/3ee89eff49304b7092117324034d1e10,"""2023-08-07T12:30:00.000Z""",Scientific discovery in the age of artificial intelligence,"""https://rdcu.be/dinBA"""
https://www.notion.so/397e7defb9a84bd088279bef526d8cf4,"""2023-07-30T17:21:00.000Z""",Incorporating Machine Learning into Established Bioinformatics Frameworks,"""https://www.mdpi.com/1422-0067/22/6/2903"""
https://www.notion.so/bb6497c541e9452885d41768f16107ac,"""2023-07-21T17:37:00.000Z""",Not all exons are protein coding: Addressing a common misconception,"""https://www.sciencedirect.com/science/article/pii/S2666979X23000629#fig1"""
https://www.notion.so/ca9a8b8715174034a5aa71fac361bb1d,"""2023-07-11T17:07:00.000Z""",Fluid protein fold space and its implications,"""https://onlinelibrary.wiley.com/doi/10.1002/bies.202300057?s=09"""
https://www.notion.so/c3ac97051332489a8635e9f5dd7d3c9b,"""2023-07-03T20:04:00.000Z""",A functional analysis of 180 cancer cell lines reveals conserved intrinsic metabolic programs | Molecular Systems Biology,"""https://www.embopress.org/doi/full/10.15252/msb.202211033"""
https://www.notion.so/e188a81fe7914254a78082fd3e9ad1a8,"""2023-07-03T15:36:00.000Z""",Making it Rain: Cloud-Based Molecular Simulations for Everyone | Journal of Chemical Information and Modeling,"""https://pubs.acs.org/doi/10.1021/acs.jcim.1c00998"""
https://www.notion.so/7056a6c31eb143118bf42596f2049cfa,"""2023-07-03T15:31:00.000Z""",Impact of human gene annotations on RNA-seq differential expression analysis | BMC Genomics | Full Text,"""https://bmcgenomics.biomedcentral.com/articles/10.1186/s12864-021-08038-7"""
https://www.notion.so/119367accdb7468e883218b721613b54,"""2023-07-03T15:19:00.000Z""",Effective gene expression prediction from sequence by integrating long-range interactions | Nature Methods,"""https://www.nature.com/articles/s41592-021-01252-x"""
https://www.notion.so/9ed929e186e141e68a4db3b65ed9f037,"""2023-07-01T19:10:00.000Z""",Artificial Intelligence in Molecular Medicine,"""https://www.nejm.org/doi/full/10.1056/NEJMra2204787"""
https://www.notion.so/de4a0a8698614d9db7bcbb80def3a4f1,"""2023-06-14T19:00:00.000Z""",[2305.11917] Interpretable neural architecture search and transfer learning for understanding sequence dependent enzymatic reactions,"""https://arxiv.org/abs/2305.11917"""
https://www.notion.so/0d7bbd3ef7cf44018e8589353519c6cb,"""2023-06-12T09:32:00.000Z""",Robust deep learning based protein sequence design using ProteinMPNN,"""https://www.ncbi.nlm.nih.gov/pmc/articles/PMC9997061/"""
https://www.notion.so/3548a7b7750a47c1b3532968d15cb332,"""2023-06-12T09:30:00.000Z""",Design of protein-binding proteins from the target structure alone | Nature,"""https://www.nature.com/articles/s41586-022-04654-9"""
https://www.notion.so/010bf145336f47ab82b97961dbc24ff8,"""2023-06-05T06:58:00.000Z""",GWAS catalog,"""https://www.ebi.ac.uk/gwas/"""
https://www.notion.so/47e29c9c231c46c08a677b479e0cd6d0,"""2023-06-01T06:56:00.000Z""",,"""https://www.nature.com/articles/s41588-022-01048-5"""
https://www.notion.so/53d876c20bee456fa86a988e4bd1b49d,"""2023-06-01T06:54:00.000Z""",Transfer learning enables predictions in network biology,"""http://nature.com/articles/s41586-023-06139-9"""
https://www.notion.so/e4ad89d4df39425f80b26c7352790fe0,"""2023-05-31T16:25:00.000Z""","Exome sequencing and analysis of 454,787 UK Biobank participants | Nature","""https://www.nature.com/articles/s41586-021-04103-z#MOESM5"""
https://www.notion.so/cba6e02151af4e2bafc90f6274d5647e,"""2023-05-22T21:20:00.000Z""",Human disease models in drug development,"""https://go.nature.com/42MlaWd"""
https://www.notion.so/a725a460cea049a98f813af4d252778c,"""2023-05-15T09:53:00.000Z""",Human disease models in drug development | Nature Reviews Bioengineering,"""https://www.nature.com/articles/s44222-023-00063-3"""
https://www.notion.so/b4814a1eb4b54d35872f18820bf07e93,"""2023-05-15T09:51:00.000Z""",[2305.01582] Interpretable Machine Learning for Science with PySR and SymbolicRegression.jl,"""https://arxiv.org/abs/2305.01582"""
https://www.notion.so/6edb67f3d08948a287b05e5186ffec1a,"""2023-05-12T19:12:00.000Z""",Precise Protein-Ligand-Binding Site Mapping with ‘SiteRadar’: A Graph Machine Learning Algorithm,"""https://cbirt.net/precise-protein-ligand-binding-site-mapping-with-siteradar-a-graph-machine-learning-algorithm/"""
https://www.notion.so/f2a839a17f4a4d88b9e805b1c796326e,"""2023-05-11T09:34:00.000Z""",A draft human pangenome reference | Nature,"""https://www.nature.com/articles/s41586-023-05896-x#data-availability"""
https://www.notion.so/0db586a828cb4ccda6fda1d0f042c919,"""2023-05-06T21:22:00.000Z""",Improving de novo protein binder design with deep learning,"""https://www.nature.com/articles/s41467-023-38328-5"""
https://www.notion.so/96027cd440084e43bfdb4555efa1392b,"""2023-05-05T14:19:00.000Z""",Score-based generative modeling for de novo protein design,"""https://www.nature.com/articles/s43588-023-00440-3"""
https://www.notion.so/0f16a56d3795429ab5dc6dec2ec584a3,"""2023-04-18T09:54:00.000Z""",[2304.05187] Automatic Gradient Descent: Deep Learning without Hyperparameters,"""https://arxiv.org/abs/2304.05187"""
https://www.notion.so/038bf2740cdf4fcbb32e7cb2853a1a03,"""2023-04-16T21:40:00.000Z""",Does AlphaFold2 model proteins’ intracellular conformations? An experimental test using cross-linking mass spectrometry of endogenous ciliary proteins | Communications Biology,"""https://www.nature.com/articles/s42003-023-04773-7"""
https://www.notion.so/4e01fb2932964d9d9fbc8bb2d45fb7c5,"""2023-04-09T10:32:00.000Z""",High-resolution de novo structure prediction from primary sequence | bioRxiv,"""https://www.biorxiv.org/content/10.1101/2022.07.21.500999v1"""
https://www.notion.so/8ee850c249fc405aab03c23baca477fa,"""2023-04-08T21:41:00.000Z""",[2210.02414] GLM-130B: An Open Bilingual Pre-trained Model,"""https://arxiv.org/abs/2210.02414"""
https://www.notion.so/020f34e5d66547aa847921527ae9bab2,"""2023-04-07T22:20:00.000Z""",DELLA proteins could hold key to the next Green Revolution,"""https://phys.org/news/2023-04-della-proteins-key-green-revolution.html"""
https://www.notion.so/e43786dfc17e40c49bc094d9d74e1205,"""2023-04-07T09:55:00.000Z""",IJMS | Free Full-Text | Enhancing Conformational Sampling for Intrinsically Disordered and Ordered Proteins by Variational Autoencoder,"""https://www.mdpi.com/1422-0067/24/8/6896/html"""
https://www.notion.so/65f7b13f2f68488c9f03c9c73b3ee2e5,"""2023-04-07T09:43:00.000Z""",Learning Gradient Fields for Molecular Conformation Generation,"""https://arxiv.org/abs/2105.03902"""
https://www.notion.so/d6b4d8faa3da459f98a7766d4d3b3150,"""2023-04-07T08:19:00.000Z""","A Survey on Graph Diffusion Models: Generative AI in Science for Molecule, Protein and Material","""https://arxiv.org/abs/2304.01565"""
https://www.notion.so/6dc3afd067b441cdb2503cd71e554989,"""2023-04-06T13:17:00.000Z""",Broadly applicable and accurate protein design by integrating structure prediction networks and diffusion generative models | bioRxiv,"""https://www.biorxiv.org/content/10.1101/2022.12.09.519842v2.full"""
https://www.notion.so/15a0169a6c8a45a2ab1c2aff0d2a3ff2,"""2023-04-06T10:11:00.000Z""",Enzyme function prediction using contrastive learning,"""https://www.science.org/doi/10.1126/science.adf2465"""
https://www.notion.so/49015a5f00034a1ea6f5c471752a4aa4,"""2023-04-05T12:20:00.000Z""",LAST: Latent Space-Assisted Adaptive Sampling for Protein Trajectories | Journal of Chemical Information and Modeling,"""https://pubs.acs.org/doi/10.1021/acs.jcim.2c01213"""
https://www.notion.so/66938fa314e74022a7286783813af681,"""2023-04-05T12:20:00.000Z""",Machine Learning-Based Approaches for Protein Conformational Exploration | SpringerLink,"""https://link.springer.com/chapter/10.1007/978-3-031-05914-8_3"""
https://www.notion.so/b121b4da01d14fd09e8d0eed1a4a0761,"""2023-04-05T12:18:00.000Z""",Frontiers | Deep learning approaches for conformational flexibility and switching properties in protein design,"""https://www.frontiersin.org/articles/10.3389/fmolb.2022.928534/full"""
https://www.notion.so/f3060d5bf5124d40ba3df5d6cfb96179,"""2023-04-05T12:17:00.000Z""",Explore Protein Conformational Space With Variational Autoencoder,"""https://www.frontiersin.org/articles/10.3389/fmolb.2021.781635/full"""
https://www.notion.so/1ec89f1dd89d475cabfcd57b6ff1a08b,"""2023-04-05T11:55:00.000Z""","Deep Generative Modelling: A Comparative Review of VAEs, GANs, Normalizing Flows, Energy-Based and Autoregressive Models","""https://arxiv.org/pdf/2103.04922.pdf"""
https://www.notion.so/218d3bcb0ca4421f8b9f07999271c64b,"""2023-04-04T16:55:00.000Z""",Cross-protein transfer learning substantially improves zero-shot prediction of disease variant effects | bioRxiv,"""https://www.biorxiv.org/content/10.1101/2022.11.15.516532v1"""
https://www.notion.so/cb5833ec7b4b4cf6a9f879bd80681c0b,"""2023-04-03T09:06:00.000Z""",Induced fit with replica exchange improves protein complex structure prediction - PubMed,"""https://pubmed.ncbi.nlm.nih.gov/35658008/"""
https://www.notion.so/e8fa137800304e6d918bf4dc121766a6,"""2023-04-03T09:02:00.000Z""",Pre-training Protein Geometric Models via Molecular Dynamics Trajectories,"""https://github.com/smiles724/ProtMD#1"""
https://www.notion.so/5c29ece1c29a402e9cca0c7d4c8a8bd8,"""2023-04-03T08:03:00.000Z""",Hyena Hierarchy: Towards Larger Convolutional Language Models,"""https://arxiv.org/abs/2302.10866#"""
https://www.notion.so/61f5d38283504b42a07bef001647bfd8,"""2023-03-31T08:42:00.000Z""",[2302.02277] SE(3) diffusion model with application to protein backbone generation,"""https://arxiv.org/abs/2302.02277"""
https://www.notion.so/ee0a50b456904259b3dd3d51fdbf472c,"""2023-03-31T06:43:00.000Z""",De novo design of high-affinity protein binders to bioactive helical peptides,"""https://www.biorxiv.org/content/10.1101/2022.12.10.519862v4?s=09"""
https://www.notion.so/a6a7160ffeaa482bbd750de0fdd60572,"""2023-03-28T16:03:00.000Z""",[2303.05511] Scaling up GANs for Text-to-Image Synthesis,"""https://arxiv.org/abs/2303.05511"""
https://www.notion.so/6eab19358f8b40eab0c9865edd84360f,"""2023-03-28T08:40:00.000Z""",A synthetic protein-level neural network in mammalian cells | bioRxiv,"""https://www.biorxiv.org/content/10.1101/2022.07.10.499405v1"""
https://www.notion.so/f0554d69ff8142a99ff174dfc9882f3d,"""2023-03-26T11:44:00.000Z""",Effective Molecular Dynamics from Neural Network-Based Structure Prediction Models,"""https://www.biorxiv.org/content/10.1101/2022.10.17.512476v1"""
https://www.notion.so/0f01a6b73615432f99d85029d6c9894c,"""2023-03-23T07:35:00.000Z""",Accelerating Cryptic Pocket Discovery Using AlphaFold,"""https://pubs.acs.org/doi/10.1021/acs.jctc.2c01189"""
https://www.notion.so/5d75539b335f4389a54112dce22f92d5,"""2023-03-21T10:34:00.000Z""",Impact of protein conformational diversity on AlphaFold predictions | Bioinformatics | Oxford Academic,"""https://academic.oup.com/bioinformatics/article/38/10/2742/6563595?login=false"""
https://www.notion.so/1f5666c7c48a48fdadb1af1150fdecd0,"""2023-03-21T08:34:00.000Z""",GitHub - lulutang0608/Point-BERT: [CVPR 2022] Pre-Training 3D Point Cloud Transformers with Masked Point Modeling,"""https://github.com/lulutang0608/Point-BERT"""
https://www.notion.so/d6aea41a5fc94686b8f8ba5ca2483288,"""2023-03-20T18:43:00.000Z""",CoLT5: Faster Long-Range Transformers with Conditional Computation,"""https://arxiv.org/abs/2303.09752"""
https://www.notion.so/116fecfa314647c0be157449f6289a41,"""2023-03-18T07:23:00.000Z""",Broadening the scope of binding free energy calculations using a Separated Topologies approach,"""https://chemrxiv.org/engage/chemrxiv/article-details/6408d4f9cc600523a3df8c87"""
https://www.notion.so/51f371751f28438c99aae50c28bbce46,"""2023-03-15T07:22:00.000Z""",ScanNet: an interpretable geometric deep learning model for structure-based protein binding site prediction,"""https://www.nature.com/articles/s41592-022-01490-7"""
https://www.notion.so/a14b05a28aa94fe0928b41671719ea48,"""2023-03-13T12:59:00.000Z""",[2112.05682] Self-attention Does Not Need $O(n^2)$ Memory,"""https://arxiv.org/abs/2112.05682"""
https://www.notion.so/3d7e24d4c85844278dcb96af47c09202,"""2023-03-13T12:58:00.000Z""",[2302.11430] Differentiable Rotamer Sampling with Molecular Force Fields,"""https://arxiv.org/abs/2302.11430"""
https://www.notion.so/848e7ca1914d40b1a4dd40435bc9e1d7,"""2023-03-09T21:41:00.000Z""",Identifying and overcoming the sampling challenges in relative binding free energy calculations of a model protein:protein complex,"""https://www.biorxiv.org/content/10.1101/2023.03.07.530278v1?s=09"""
https://www.notion.so/1716177c1b214dd69ea40824d802edf4,"""2023-03-09T07:00:00.000Z""",Target Specific De Novo Design of Drug Candidate Molecules with Graph Transformer-based Generative Adversarial Networks,"""https://arxiv.org/abs/2302.07868"""
https://www.notion.so/01a13a58ea884baebf9abe520ef1abd0,"""2023-03-06T16:59:00.000Z""",Citations of Impact of protein conformational diversity on AlphaFold predictions – 7 – Web of Science Core Collection,"""https://www.webofscience.com/wos/woscc/summary/9bb9ebfc-ec70-4e0b-8afd-a99191c3d83e-7637d194/date-descending/1"""
https://www.notion.so/bad71195e852432c9a7ed05a25233822,"""2023-03-04T09:14:00.000Z""",Retrieved Sequence Augmentation for Protein Representation Learning,"""https://www.biorxiv.org/content/10.1101/2023.02.22.529597v2.abstract?s=09"""
https://www.notion.so/78a8359f09044b1380d36fc7eca43ce9,"""2023-03-03T23:38:00.000Z""","Modeling the Dynamics of Protein-Protein Interfaces, How and Why?","""https://www.mdpi.com/1420-3049/27/6/1841"""
https://www.notion.so/b7c7a2c3f632424496bc7c41b685f9d3,"""2023-03-03T22:52:00.000Z""",[2301.06568] Ankh: Optimized Protein Language Model Unlocks General-Purpose Modelling,"""https://arxiv.org/abs/2301.06568"""
https://www.notion.so/e9c2f3617b054f119f790a1ad8c2a39a,"""2023-03-03T21:42:00.000Z""",ProtInteract: A deep learning framework for predicting protein–protein interactions - PMC,"""https://www.ncbi.nlm.nih.gov/pmc/articles/PMC9929211/"""
https://www.notion.so/d6005a07d3964149b6bdfced0630e37b,"""2023-03-01T10:07:00.000Z""",Prediction of multiple conformational states by combining sequence clustering with AlphaFold2 | bioRxiv,"""https://www.biorxiv.org/content/10.1101/2022.10.17.512570v1"""
https://www.notion.so/29c9526763824bc8811f6ecedb0590ae,"""2023-03-01T10:04:00.000Z""",(PDF) Multi-state design of flexible proteins predicts sequences optimal for conformational change,"""https://www.researchgate.net/publication/339111659_Multi-state_design_of_flexible_proteins_predicts_sequences_optimal_for_conformational_change"""
https://www.notion.so/23d25e16bb2a4573addb5aeba0f8f195,"""2023-02-26T00:13:00.000Z""",GroScore: Accurate Scoring of Protein-Protein Binding Poses Using Explicit-Solvent Free-Energy Calculations,"""https://pubmed.ncbi.nlm.nih.gov/31790223/"""
https://www.notion.so/59cee626ba674aed85b4565b96d81b5e,"""2023-02-21T11:18:00.000Z""",Illuminating protein space with a programmable generative model,"""https://www.biorxiv.org/content/10.1101/2022.12.01.518682v1"""
https://www.notion.so/e0ca55730b17429db42536aa94df3be4,"""2023-02-20T13:37:00.000Z""","SKEMPI 2.0: an updated benchmark of changes in protein-protein binding energy, kinetics and thermodynamics upon mutation - PubMed","""https://pubmed.ncbi.nlm.nih.gov/30020414/"""
https://www.notion.so/b523fbd847a54471bd7180823ef2073b,"""2023-02-20T13:36:00.000Z""",A dynamical view of protein-protein complexes: Studies by molecular dynamics simulations - PubMed,"""https://pubmed.ncbi.nlm.nih.gov/36275619/"""
https://www.notion.so/4093f82de12a4cf8b69c9edbe7fe6342,"""2023-02-20T02:26:00.000Z""",[2211.02936] Learning the shape of protein micro-environments with a holographic convolutional neural network,"""https://ar5iv.labs.arxiv.org/html/2211.02936"""
https://www.notion.so/d55dfb48a0624c968009721dd5e29f5d,"""2023-02-20T02:09:00.000Z""",Improved prediction of protein-protein interactions using AlphaFold2 | Nature Communications,"""https://www.nature.com/articles/s41467-022-28865-w"""
https://www.notion.so/4586cb1381e94b4eab98eb346aba1136,"""2023-02-20T02:08:00.000Z""",Protein–protein interaction and non-interaction predictions using gene sequence natural vector | Communications Biology,"""https://www.nature.com/articles/s42003-022-03617-0"""
https://www.notion.so/4d9a62c2f25d49478eea9e744fe627f3,"""2023-02-20T01:57:00.000Z""",Towards a structurally resolved human protein interaction network | Nature Structural & Molecular Biology,"""https://www.nature.com/articles/s41594-022-00910-8"""
https://www.notion.so/f3c78909c49b4580a019b417e2c43689,"""2023-02-19T23:38:00.000Z""",FastFold: Reducing AlphaFold Training Time from 11 Days to 67 Hours – arXiv Vanity,"""https://www.arxiv-vanity.com/papers/2203.00854/"""
https://www.notion.so/a32d2e85e9644b508eb22c102bef0938,"""2023-02-18T18:34:00.000Z""",The Vendi Score: A Diversity Evaluation Metric for Machine Learning,"""https://arxiv.org/abs/2210.02410"""
https://www.notion.so/f9c07056c65b4e358ea2eca43e9a4cf0,"""2023-02-18T18:23:00.000Z""",Direct generation of protein conformational ensembles via machine learning,"""https://www.nature.com/articles/s41467-023-36443-x"""
https://www.notion.so/458ed471cbb442dcab73b55d1dcf4c85,"""2023-02-17T23:17:00.000Z""",Transformer models: an introduction and catalog,"""https://arxiv.org/abs/2302.07730"""
https://www.notion.so/0772162500e44023a45babbf7680e172,"""2023-02-17T23:17:00.000Z""",Transformer models: an introduction and catalog,"""https://arxiv.org/abs/2302.07730"""
https://www.notion.so/8ee210f51daa408aa83af8265c055f88,"""2023-02-17T20:30:00.000Z""",Multiple sources of bias confound functional enrichment analysis of global -omics data,"""https://genomebiology.biomedcentral.com/articles/10.1186/s13059-015-0761-7?s=09"""
https://www.notion.so/f1b94fb5d0a9409696de6ae0ccdfbd3a,"""2023-02-08T21:03:00.000Z""",NodeCoder: a graph-based machine learning platform to predict active sites of modeled protein structures,"""https://arxiv.org/abs/2302.03590"""
https://www.notion.so/f0523c934c984073ab7efc66170f3226,"""2023-02-07T18:17:00.000Z""","Viruses | Free Full-Text | SARS-CoV-2 Omicron Subvariants Balance Host Cell Membrane, Receptor, and Antibody Docking via an Overlapping Target Site","""https://www.mdpi.com/1999-4915/15/2/447"""
https://www.notion.so/4c6bb4f9347542f6bd53bc4928bdf590,"""2023-02-07T14:29:00.000Z""",Omicron BA.1 breakthrough infection drives cross-variant neutralization and memory B cell formation against conserved epitopes | Science Immunology,"""https://www.science.org/doi/full/10.1126/sciimmunol.abq2427"""
https://www.notion.so/782ba2b857c04f7ebef7ad84f306cb4f,"""2023-02-06T13:29:00.000Z""",Atlas of Transcription Factor Binding Sites from ENCODE DNase Hypersensitivity Data across 27 Tissue Types - PubMed,"""https://pubmed.ncbi.nlm.nih.gov/32814038/"""
https://www.notion.so/a040ca4f118f414c939e8343a8f9aa93,"""2023-02-04T12:52:00.000Z""",Accurate absolute free energies for ligand–protein binding based on non-equilibrium approaches | Communications Chemistry,"""https://www.nature.com/articles/s42004-021-00498-y"""
https://www.notion.so/3d5dd366853e4def9a40b33361ba01c9,"""2023-02-03T11:03:00.000Z""","Prediction of protein assemblies, the next frontier: The CASP14‐CAPRI experiment - Lensink - 2021 - Proteins: Structure, Function, and Bioinformatics - Wiley Online Library","""https://onlinelibrary.wiley.com/doi/10.1002/prot.26222"""
https://www.notion.so/aacdc7aa40364cffaf34dbbe67ec4b0e,"""2023-01-31T11:16:00.000Z""",PEER: A Comprehensive and Multi-Task Benchmark for Protein Sequence Understanding | OpenReview,"""https://openreview.net/forum?id=QgTZ56-zJou"""
https://www.notion.so/34542dc14e834107af5a1025661ab354,"""2023-01-31T11:00:00.000Z""",[2209.11755] Promptagator: Few-shot Dense Retrieval From 8 Examples,"""https://arxiv.org/abs/2209.11755"""
https://www.notion.so/5c8980f5449a487a819fd4a8a785341e,"""2023-01-30T13:06:00.000Z""",HOPMA: Boosting Protein Functional Dynamics with Colored Contact Maps | The Journal of Physical Chemistry B,"""https://pubs.acs.org/doi/10.1021/acs.jpcb.0c11633"""
https://www.notion.so/cefe9a8334924c369bfee83149e679e6,"""2023-01-30T12:28:00.000Z""",AI technology generates original proteins from scratch,"""https://phys-org.cdn.ampproject.org/c/s/phys.org/news/2023-01-ai-technology-generates-proteins.amp"""
https://www.notion.so/1d2fe25ce4444c468ce4f03fa3c23751,"""2023-01-30T09:29:00.000Z""",Calculation of Protein Folding Thermodynamics using Molecular Dynamics Simulations,"""https://www.biorxiv.org/content/10.1101/2023.01.21.525008v1"""
https://www.notion.so/f02ea2c28818406ba4fe00d7dd2473cf,"""2023-01-27T09:01:00.000Z""",BioGPT: generative pre-trained transformer for biomedical text generation and mining | Briefings in Bioinformatics | Oxford Academic,"""https://arxiv.org/pdf/2210.10341.pdf"""
https://www.notion.so/f129e09cc1e64247a3d5fc80a999a190,"""2023-01-27T08:47:00.000Z""",Force-Field-Enhanced Neural Network Interactions: from Local Equivariant Embedding to Atom-in-Molecule properties and long-range effects,"""https://arxiv.org/abs/2301.08734?s=09"""
https://www.notion.so/bf2adadec5da4253ba9846f16200656c,"""2023-01-26T18:00:00.000Z""",Systemic structural analysis of alterations reveals a common structural basis of driver mutations in cancer | NAR Cancer | Oxford Academic,"""https://academic.oup.com/narcancer/article/5/1/zcac040/6991009"""
https://www.notion.so/b16c7ee48f404aac9cef6e10bbecc5d3,"""2023-01-26T17:48:00.000Z""",Large language models generate functional protein sequences across diverse families | Nature Biotechnology,"""https://www.nature.com/articles/s41587-022-01618-2"""
https://www.notion.so/a2c481621aba411bbc1e25da8b0420dd,"""2023-01-26T16:35:00.000Z""",Dead-end elimination with perturbations (DEEPer): a provable protein design algorithm with continuous sidechain and backbone flexibility - PubMed,"""https://pubmed.ncbi.nlm.nih.gov/22821798/"""
https://www.notion.so/8e1bb2f57d3b40418d75eea39b46bcbf,"""2023-01-26T16:34:00.000Z""",Network Analysis of Molecular Dynamics Sectors in the p53 Protein - PubMed,"""https://pubmed.ncbi.nlm.nih.gov/36643471/"""
https://www.notion.so/462a26cd4fb249408984123f023faf09,"""2023-01-26T16:32:00.000Z""",Combinatorial assembly and design of enzymes | bioRxiv,"""https://www.biorxiv.org/content/10.1101/2022.09.17.508230v2"""
https://www.notion.so/07002f8704b0497c9ee83e5c67c408ff,"""2023-01-26T16:26:00.000Z""",A review of biomedical datasets relating to drug discovery: a knowledge graph perspective,"""https://academic.oup.com/bib/article-abstract/23/6/bbac404/6712301?login=false"""
https://www.notion.so/505fad9f2c024746b830bc63f9a26de3,"""2023-01-26T16:08:00.000Z""",Learning the protein language of proteome-wide protein-protein binding sites via explainable ensemble deep learning | Communications Biology,"""https://www.nature.com/articles/s42003-023-04462-5"""
https://www.notion.so/bedfa46e4e644e8aa5e57bf28dcedf95,"""2023-01-26T16:08:00.000Z""",A census of complexes formed by mitochondrial proteins,"""https://www.nature.com/articles/d41586-023-00095-0"""
https://www.notion.so/9edfb1d3f67b40a090d9f646287809ac,"""2023-01-25T08:16:00.000Z""",Towards a structurally resolved human protein interaction network,"""https://www.nature.com/articles/s41594-022-00910-8#ref-CR15"""
https://www.notion.so/c1b42d36ffa14945a0bdb9a878c23f26,"""2023-01-23T23:33:00.000Z""",Citations of PSCDB: a database for protein structural change upon ligand binding – 33 – Web of Science Core Collection,"""https://www.webofscience.com/wos/woscc/summary/d0ad5e2c-89c8-4050-871f-c0c7a95cfaa4-6bceb755/date-descending/1"""
https://www.notion.so/979ce9ce7d034323866e4f25903256e0,"""2023-01-23T23:32:00.000Z""",Exploring the different states of wild-type T-cell receptor and mutant conformational changes towards understanding the antigen recognition-Web of Science Core Collection,"""https://www.webofscience.com/wos/woscc/full-record/WOS:000506272300001"""
https://www.notion.so/8f9ca90647f64d1b89830b3275abce1d,"""2023-01-21T09:27:00.000Z""",Why do tree-based models still outperform deep learning on typical tabular data?,"""https://openreview.net/forum?id=Fp7__phQszn"""
https://www.notion.so/9bdebfb0007348bdac105f7e75dd21bb,"""2023-01-19T23:06:00.000Z""",A list of LLM ,"""https://twitter.com/cwolferesearch/status/1615826897342013443?t=uvuCJxDg7clZdgsOiunvTw&s=09"""
https://www.notion.so/8eb21095dadb4e66a7c427ce012f2634,"""2023-01-19T20:12:00.000Z""","Genome-scale metabolic reconstruction of 7,302 human microorganisms for personalized medicine","""https://www.nature.com/articles/s41587-022-01628-0#ref-CR13"""
https://www.notion.so/d5f777e2c6a243faaa208cf63d493f20,"""2023-01-19T11:41:00.000Z""",Probing the Conformational Dynamics of Affinity-Enhanced T Cell Receptor Variants upon Binding the Peptide-Bound Major Histocompatibility Complex by Hydrogen/Deuterium Exchange Mass Spectrometry | Biochemistry,"""https://pubs.acs.org/doi/full/10.1021/acs.biochem.1c00035"""
https://www.notion.so/890f222ad6544ff2a279a7ea6cdc79a1,"""2023-01-18T22:12:00.000Z""",ChatGPT is not all you need. A State of the Art Review of large Generative AI models,"""https://arxiv.org/abs/2301.04655"""
https://www.notion.so/04f2a340932d4d17b5ee274687bd1739,"""2023-01-18T22:10:00.000Z""",Ligand-tethered lipid nanoparticles for targeted RNA delivery to treat liver fibrosis,"""https://www.nature.com/articles/s41467-022-35637-z"""
https://www.notion.so/db819ef08af841a3b1d7e80e5c59eead,"""2023-01-18T22:06:00.000Z""",The next generation of evidence-based medicine,"""https://www.nature.com/articles/s41591-022-02160-z"""
https://www.notion.so/99f61adb60cb4d88b02d2e882e3161e4,"""2023-01-18T14:30:00.000Z""",Ankh: Optimized Protein Language Model Unlocks General-Purpose Modelling,"""https://arxiv.org/abs/2301.06568?s=09"""
https://www.notion.so/72139933bcd24571a9bf397d6dd61264,"""2023-01-14T19:36:00.000Z""",An Imbalance in the Force: The Need for Standardized Benchmarks for Molecular Simulation,"""https://doi.org/10.1021/acs.jcim.2c01127"""
https://www.notion.so/1c4f0e4b6beb49eeb00c3d72406f4e9d,"""2023-01-11T08:48:00.000Z""",High-Throughput Prediction of the Impact of Genetic Variability on Drug Sensitivity and Resistance Patterns for Clinically Relevant Epidermal Growth Factor Receptor Mutations from Atomistic Simulations | Journal of Chemical Information and Modeling,"""https://pubs.acs.org/doi/full/10.1021/acs.jcim.2c01344"""
https://www.notion.so/617e574279d843d681a35027532cbced,"""2023-01-09T12:29:00.000Z""",[2212.14034] Cramming: Training a Language Model on a Single GPU in One Day,"""https://arxiv.org/abs/2212.14034"""
https://www.notion.so/2b0e02422dfe4c798a17e2fab5090812,"""2023-01-09T12:18:00.000Z""",Massive Language Models Can Be Accurately Pruned in One-Shot,"""https://arxiv.org/abs/2301.00774?utm_source=substack&utm_medium=email"""
https://www.notion.so/ba314aa6866f42b8b4f9c752383f76bd,"""2023-01-03T14:22:00.000Z""",DNABERT: pre-trained Bidirectional Encoder Representations from Transformers model for DNA-language in genome | Bioinformatics | Oxford Academic,"""https://academic.oup.com/bioinformatics/article/37/15/2112/6128680?login=false"""
https://www.notion.so/a8208f45667b4534bf290cd8becc3816,"""2023-01-03T13:05:00.000Z""",A high-level programming language for generative protein design | bioRxiv,"""https://www.biorxiv.org/content/10.1101/2022.12.21.521526v1.full"""
https://www.notion.so/434a024b725b4ad3ace96536a9da3343,"""2023-01-03T13:04:00.000Z""",Accurate prediction of nucleic acid and protein-nucleic acid complexes using RoseTTAFoldNA | bioRxiv,"""https://www.biorxiv.org/content/10.1101/2022.09.09.507333v1"""
https://www.notion.so/e8833fcf5bef484d985c18566a9ee321,"""2023-01-03T12:55:00.000Z""",[2209.12466] Learned Force Fields Are Ready For Ground State Catalyst Discovery,"""https://arxiv.org/abs/2209.12466"""
https://www.notion.so/f376818bc460405cbe412657dbcd5c49,"""2023-01-03T09:59:00.000Z""",[2209.15611] Protein structure generation via folding diffusion,"""https://arxiv.org/abs/2209.15611"""
https://www.notion.so/dc60509e01354c3eb3e6318df20b20e2,"""2023-01-03T09:56:00.000Z""",Diffusion probabilistic modeling of protein backbones in 3D for the motif-scaffolding problem,"""https://ar5iv.labs.arxiv.org/html/2206.04119"""
https://www.notion.so/32ff26bc874e4caea67a69b782efb01f,"""2022-12-30T07:18:00.000Z""",Efficient neural codes naturally emerge through gradient descent learning | Nature Communications,"""https://www.nature.com/articles/s41467-022-35659-7"""
https://www.notion.so/3f4f2d2d78dd4f0f92fda21c9ad447fe,"""2022-12-29T19:55:00.000Z""",Relative Binding Free Energy Calculations in Drug Discovery: Recent Advances and Practical Considerations,"""https://pubs.acs.org/doi/10.1021/acs.jcim.7b00564"""
https://www.notion.so/a9f0d862cee248c1b9dd5e4352032de5,"""2022-12-28T11:41:00.000Z""",Magnet for the Needle in Haystack: “Crystal Structure First” Fragment Hits Unlock Active Chemical Matter Using Targeted Exploration of Vast Chemical Spaces,"""https://pubs.acs.org/doi/10.1021/acs.jmedchem.2c00813"""
https://www.notion.so/51b76896cd9f40da9c6fedf3f819676d,"""2022-12-27T20:11:00.000Z""",Human loss-of-function variants in the serotonin 2C receptor associated with obesity and maladaptive behavior,"""https://www.nature.com/articles/s41591-022-02106-5"""
https://www.notion.so/3019f3429fd846aba82be4f98001f764,"""2022-12-26T22:24:00.000Z""",Single-sequence protein structure prediction using supervised transformer protein language models | Nature Computational Science,"""https://www.nature.com/articles/s43588-022-00373-3"""
https://www.notion.so/f4dd79b092c949d89837e1c77ab8d3be,"""2022-12-25T22:44:00.000Z""",The nature of ligand efficiency,"""https://doi.org/10.1186/s13321-019-0330-2"""
https://www.notion.so/cb8e2c5327e64a7e817df05da872142a,"""2022-12-25T11:46:00.000Z""",[2209.12537] Recent advances in computational methods for studying ligand binding kinetics,"""https://arxiv.org/abs/2209.12537?s=09"""
https://www.notion.so/c153a7e60814487a9e8e54239dcbaa3a,"""2022-12-25T11:24:00.000Z""",Simulate Time-integrated Coarse-grained Molecular Dynamics with Geometric Machine Learning,"""https://arxiv.org/abs/2204.10348"""
https://www.notion.so/9081bac787c145ba8b0016c36c2a8f51,"""2022-12-20T21:17:00.000Z""",Machine Learning Coarse-Grained Potentials of Protein Thermodynamics,"""https://arxiv.org/abs/2212.07492?s=09"""
https://www.notion.so/0622e4da8a904bb2afdd3788ea8b21d1,"""2022-12-13T15:32:00.000Z""",DrugnomeAI,"""https://www.nature.com/articles/s42003-022-04245-4#Sec13"""
https://www.notion.so/4f9346624c42405ba7e2d1c15703f81e,"""2022-12-13T10:22:00.000Z""",Scaffolding protein functional sites using deep learning,"""https://www.science.org/doi/10.1126/science.abn2100"""
https://www.notion.so/7dcc9a302dc64235b3c521a90283cf96,"""2022-12-13T00:10:00.000Z""",Impact of the Human Cell Atlas on medicine,"""https://www.nature.com/articles/s41591-022-02104-7"""
https://www.notion.so/26e1ee8038324b2abe7987bb42a6d016,"""2022-12-12T13:27:00.000Z""",Coevolution-guided mapping of the Type VI secretion membrane complex-baseplate interface,"""https://www.sciencedirect.com/science/article/abs/pii/S0022283622005447?s=09"""
https://www.notion.so/4cef0a2fa9cf49c1a174151b827a998e,"""2022-12-08T14:54:00.000Z""",Evolution-inspired augmentations improve deep learning for regulatory genomics | bioRxiv,"""https://www.biorxiv.org/content/10.1101/2022.11.03.515117v1"""
https://www.notion.so/11c5fd8cd1fe467b845c7aae2889b9f3,"""2022-12-08T07:14:00.000Z""",Computed structures of core eukaryotic protein complexes,"""https://www.science.org/doi/10.1126/science.abm4805"""
https://www.notion.so/210dfa0ee3084451b9c68ad31875ba44,"""2022-12-01T08:49:00.000Z""",State-of-the-Art Estimation of Protein Model Accuracy Using AlphaFold,"""https://journals.aps.org/prl/abstract/10.1103/PhysRevLett.129.238101#fulltext"""
https://www.notion.so/271b2ff7cb3f4430bacfa7c203193400,"""2022-11-29T10:01:00.000Z""",A dynamical view of protein-protein complexes: Studies by molecular dynamics simulations,"""https://www.frontiersin.org/articles/10.3389/fmolb.2022.970109/full#.Yz5tnHmkJG0.twitter"""
https://www.notion.so/1de48c032c544197a67dc1fd8a577db2,"""2022-11-28T13:26:00.000Z""",Genetic and Metabolic Engineering of Methanococcus spp.Author links open overlay panel,"""https://www.sciencedirect.com/science/article/pii/S2590262822000478?s=09"""
https://www.notion.so/1353e60a19eb4ca7a622e98b0efa1e17,"""2022-11-27T16:09:00.000Z""",Platform for drug design ,"""https://phys-org.cdn.ampproject.org/c/s/phys.org/news/2022-11-ai-drugs.amp"""
https://www.notion.so/98f3a9e0c0f84f3db669653fbb6b63a5,"""2022-11-25T12:42:00.000Z""",An agnostic analysis of the human AlphaFold2 proteome using local protein conformations,"""https://www.linkedin.com/posts/alexandre-de-brevern-37b7385_alphafold2-alphafold-deeplearning-activity-7001882760277557249-3JTy?utm_source=share&utm_medium=member_android"""
https://www.notion.so/ded946894021428bb60ea75316c4540d,"""2022-11-24T23:46:00.000Z""",Protein–protein interaction prediction with deep learning: A comprehensive review,"""https://www.ncbi.nlm.nih.gov/pmc/articles/PMC9520216/#!po=35.9929"""
https://www.notion.so/c2566408535c427396dae15766953be9,"""2022-11-24T23:04:00.000Z""",Negative protein-protein interaction datasets derived from large-scale two-hybrid experiments ,"""https://pubmed.ncbi.nlm.nih.gov/22884951/"""
https://www.notion.so/5241a05fee014319ab42b6d0124e3ede,"""2022-11-24T23:03:00.000Z""",Non-interacting proteins may resemble interacting proteins: prevalence and implications,"""https://pubmed.ncbi.nlm.nih.gov/28084410/"""
https://www.notion.so/3b1e5642a5294affbe045abce1e863ff,"""2022-11-24T22:57:00.000Z""",MYC protein interactors in gene transcription and cancer,"""https://www.nature.com/articles/s41568-021-00367-9"""
https://www.notion.so/d0829e284041481ebf3e1b50531384df,"""2022-11-24T17:26:00.000Z""",graphDelta: MPNN Scoring Function for the Affinity Prediction of Protein–Ligand Complexes | ACS Omega,"""https://pubs.acs.org/doi/full/10.1021/acsomega.9b04162"""
https://www.notion.so/29f65bcc85bf41ac81fdb16512250743,"""2022-11-24T09:51:00.000Z""",Few-Shot Parameter-Efficient Fine-Tuning is Better and Cheaper than In-Context Learning | DeepAI,"""https://deepai.org/publication/few-shot-parameter-efficient-fine-tuning-is-better-and-cheaper-than-in-context-learning"""
https://www.notion.so/12c00f3eb46a4178bce309ee729b0fd0,"""2022-11-23T16:47:00.000Z""",OpenFold: Retraining AlphaFold2 yields new insights into its learning mechanisms and capacity for generalization | bioRxiv,"""https://www.biorxiv.org/content/10.1101/2022.11.20.517210v1"""
https://www.notion.so/b0df87efce0d408786007f2517744350,"""2022-11-23T16:46:00.000Z""",AlphaFold predictions: great hypotheses but no match for experiment | bioRxiv,"""https://www.biorxiv.org/content/10.1101/2022.11.21.517405v1"""
https://www.notion.so/2e76143bf0c84f699afe7dfcb63090de,"""2022-11-23T16:45:00.000Z""",A context-aware deconfounding autoencoder for robust prediction of personalized clinical drug response from cell-line compound screening | Nature Machine Intelligence,"""https://www.nature.com/articles/s42256-022-00541-0"""
https://www.notion.so/f85eccb6a09746809cb0e984f529e1c9,"""2022-11-23T14:07:00.000Z""",A sequence-based global map of regulatory activity for deciphering human genetics | Nature Genetics,"""https://www.nature.com/articles/s41588-022-01102-2#data-availability"""
https://www.notion.so/27d9d33ca577442299c58f97eb04bbbb,"""2022-11-23T00:13:00.000Z""",Binding site comparison - current benchmark issues,"""https://pschmidtke.github.io/blog/binding%20site/pocket/cavity/pocket%20comparison/structure-based%20drug%20design/2022/11/07/binding-site-comparison-benchmark.html"""
https://www.notion.so/4c77b4278e494e7d892214f789163541,"""2022-11-22T23:42:00.000Z""",Training Compute-Optimal Large Language Models,"""https://arxiv.org/abs/2203.15556"""
https://www.notion.so/37bd1bd2c5ca485088692fd432365ad8,"""2022-11-21T23:18:00.000Z""",Holistic Evaluation of Language Models,"""https://arxiv.org/abs/2211.09110"""
https://www.notion.so/6cc2d803f2464e0d8fe8cf5bf9b05200,"""2022-11-21T19:49:00.000Z""",Structure-based drug design with geometric deep learning,"""https://arxiv.org/abs/2210.11250"""
https://www.notion.so/55e65cb840bd4f61861e1d14594852d4,"""2022-11-21T10:24:00.000Z""",Wellington: a novel method for the accurate identification of digital genomic footprints from DNase-seq data,"""https://academic.oup.com/nar/article/41/21/e201/1283596"""
https://www.notion.so/43b258382bd54009b60870e31583f0ef,"""2022-11-21T07:32:00.000Z""",Benchmarking second and third-generation sequencing platforms for microbial metagenomics,"""https://www.nature.com/articles/s41597-022-01762-z"""
https://www.notion.so/a506a6de249a4a74878fc11a75da9f40,"""2022-11-19T23:22:00.000Z""",AlloSigMA 2: paving the way to designing allosteric effectors and to exploring allosteric effects of mutations,"""https://academic.oup.com/nar/article/48/W1/W116/5835812"""
https://www.notion.so/a51cebe8a9cd4a66b8b073e8410d0d12,"""2022-11-19T23:19:00.000Z""",FATCAT 2.0: towards a better understanding of the structural diversity of proteins | Nucleic Acids Research | Oxford Academic,"""https://academic.oup.com/nar/article/48/W1/W60/5848494"""
https://www.notion.so/3955302b13804a03b0baf7f27d6e7ab2,"""2022-11-19T20:44:00.000Z""",Prediction of multiple conformational states by combining sequence clustering with AlphaFold2 ,"""https://www.biorxiv.org/content/10.1101/2022.10.17.512570v1"""
https://www.notion.so/9ac559043c1745b68b9855064c918908,"""2022-11-18T22:41:00.000Z""",Estimation of Drug-Target Residence Time by Targeted Molecular Dynamics Simulations,"""https://pubs.acs.org/doi/abs/10.1021/acs.jcim.2c00852"""
https://www.notion.so/18bf844945d248979ccd03567055c6bc,"""2022-11-09T20:34:00.000Z""",,"""https://www.nature.com/articles/s41587-022-01491-z?s=09"""
https://www.notion.so/b3eeb3e521904161b40769f122b7fc29,"""2022-11-08T09:19:00.000Z""",Predicting effects of noncoding variants with deep learning–based sequence model,"""https://www.nature.com/articles/nmeth.3547"""
https://www.notion.so/c23a54e13d0d452e8daa157f2718077a,"""2022-11-08T09:16:00.000Z""",DeepPN: a deep parallel neural network based on convolutional neural network and graph convolutional network for predicting RNA-protein binding sites,"""https://bmcbioinformatics.biomedcentral.com/articles/10.1186/s12859-022-04798-5"""
https://www.notion.so/c954f9182e0c4bd49e899b3944fc7a4f,"""2022-11-08T09:15:00.000Z""",A review of deep learning applications in human genomics using next-generation sequencing data,"""https://humgenomics.biomedcentral.com/articles/10.1186/s40246-022-00396-x"""
https://www.notion.so/64edd8a71f1246a088c9cb6123e3bec3,"""2022-11-07T12:18:00.000Z""",Genomic atlas of the human plasma proteome,"""https://www.nature.com/articles/s41586-018-0175-2"""
https://www.notion.so/e89b2b2d3dd54fd49e8327b39d63d22f,"""2022-11-07T12:16:00.000Z""",Using deep learning to annotate the protein universe | Nature Biotechnology,"""https://www.nature.com/articles/s41587-021-01179-w?utm_campaign=The%20Batch&utm_medium=email&_hsmi=222428230&_hsenc=p2ANqtz-_omZ5vy96fm-YWH9ohJ6LGZ-vyEIKoqksFc74BGIg5FDUHcvmdiDGUE3LB8NEI6eBDsT1kgYDMwA1SeDjtNjbAj49vnw&utm_content=222428230&utm_source=hs_email"""
https://www.notion.so/39e16cf14d764ce09461b3c0225c5fe1,"""2022-11-07T12:16:00.000Z""",Transformer-based protein generation with regularized latent space optimization | Nature Machine Intelligence,"""https://www.nature.com/articles/s42256-022-00532-1"""
https://www.notion.so/acb6c54d1c53408693e1d31979933034,"""2022-11-07T12:15:00.000Z""",RL-MLZerD: Multimeric protein docking using reinforcement learning,"""https://www.frontiersin.org/articles/10.3389/fmolb.2022.969394/full#.Ywjl5vJhlgA"""
https://www.notion.so/7c08eb1960aa41df85771a07760240e2,"""2022-11-03T11:06:00.000Z""",Current and Emerging Methods for the Synthesis of Single-Stranded DNA - PMC,"""https://www.ncbi.nlm.nih.gov/pmc/articles/PMC7073533/"""
https://www.notion.so/94282ab7e1e146a8a23e49c4f1fc2e81,"""2022-11-02T13:57:00.000Z""",Synthetic Genomics From a Yeast Perspective - PMC,"""https://www.ncbi.nlm.nih.gov/pmc/articles/PMC8979029/"""
https://www.notion.so/ac3865e002b64f2d895535ef8c327eb6,"""2022-11-02T13:34:00.000Z""",Advances in long DNA synthesis - ScienceDirect,"""https://www.sciencedirect.com/science/article/pii/B9780128214770000143"""
https://www.notion.so/de0da69a785a4fedbe11d34b1c3d707c,"""2022-10-31T17:43:00.000Z""",[2209.14734] DiGress: Discrete Denoising diffusion for graph generation,"""https://arxiv.org/abs/2209.14734"""
https://www.notion.so/5ba5a9e3d19e477784a7970b5b5e5781,"""2022-10-31T14:11:00.000Z""","Fragment Optimization of Reversible Binding to the Switch II Pocket on KRAS Leads to a Potent, In Vivo Active KRASG12C Inhibitor | Journal of Medicinal Chemistry","""https://pubs.acs.org/doi/10.1021/acs.jmedchem.2c01120"""
https://www.notion.so/f970c633b20b4de58b684a7a8fce22f9,"""2022-10-30T09:44:00.000Z""",Reweighting methods for elucidation of conformation ensembles of proteins,"""https://www.sciencedirect.com/science/article/pii/S0959440X2200149X?casa_token=uI7bmeDs8SkAAAAA%3AroE5jsY0_0kBqUxwY8f2DiUQ5Sy0Gj9RdjaomlAbk_l2Wg1VCOW8wTJbM8_eiC0bQwO0umI-VLs&s=09"""
https://www.notion.so/7298cba2ab0e4946ba6155f11c260158,"""2022-10-28T15:48:00.000Z""",Generic Attention-model Explainability for InterpretingBi-Modal and Encoder-Decoder Transformers,"""https://ar5iv.labs.arxiv.org/html/2103.15679"""
https://www.notion.so/387b44829b4b4471995c0388b47223d6,"""2022-10-28T10:02:00.000Z""","The language of proteins: NLP, machine learning & protein sequences - PMC","""https://www.ncbi.nlm.nih.gov/pmc/articles/PMC8050421/"""
https://www.notion.so/9a5b81b4bb2f43a495f862f3711f5f95,"""2022-10-28T09:10:00.000Z""","Structure-based Drug Design with Equivariant Diffusion ModelsArne Schneuing, ","""https://arxiv.org/abs/2210.13695?s=09"""
https://www.notion.so/62201a1ab78746fd8a2f5d09b267e95d,"""2022-10-28T07:14:00.000Z""",In-context Reinforcement Learning with Algorithm Distillation,"""https://arxiv.org/abs/2210.14215?s=09"""
https://www.notion.so/359781ed916c4c7aabc931840e097289,"""2022-10-21T20:10:00.000Z""",Graph Neural Networks for Natural Language Processing: A Survey,"""https://arxiv.org/abs/2106.06090?s=09"""
https://www.notion.so/037b707257bb4f9c882141b8d1edeb5f,"""2022-10-14T12:16:00.000Z""",Deep learning of cross-species single-cell landscapes identifies conserved regulatory programs underlying cell types | Nature Genetics,"""https://www.nature.com/articles/s41588-022-01197-7"""
https://www.notion.so/847f3fba7e9e4b75a7fc5c24c243dffa,"""2022-10-07T16:55:00.000Z""",Understanding Diffusion Models: A Unified Perspective,"""https://arxiv.org/abs/2208.11970v1"""
https://www.notion.so/4166a8c6a572420e988c97af3b0e60af,"""2022-09-27T10:27:00.000Z""",Benefits and limitations of genome-wide association studies,"""https://www.nature.com/articles/s41576-019-0127-1"""
https://www.notion.so/17719c8bc9d64970ace1bc9a2b8ab4b2,"""2022-09-27T10:25:00.000Z""",Reaching the End-Game for GWAS: Machine Learning Approaches for the Prioritization of Complex Disease Loci,"""https://www.frontiersin.org/articles/10.3389/fgene.2020.00350/full"""
https://www.notion.so/1bb990ed1de34d6a9369eb587c5a645b,"""2022-09-27T08:38:00.000Z""",The Many Faces of Information Geometry,null
https://www.notion.so/cfcb3930ee61414aaea73fd10bb4589e,"""2022-09-21T09:00:00.000Z""",Diffusion Models: A Comprehensive Survey of Methods and Applications,"""https://arxiv.org/abs/2209.00796"""
https://www.notion.so/5246cee630a34bd49f2645fee2fb6582,"""2022-09-19T07:12:00.000Z""",Scientists are using AI to dream up revolutionary new proteins,"""https://www.nature.com/articles/d41586-022-02947-7"""
https://www.notion.so/207b17631ad84bf58c580b2bd3934f00,"""2022-09-19T07:12:00.000Z""",Scientists are using AI to dream up revolutionary new proteins,"""https://www.nature.com/articles/d41586-022-02947-7"""
https://www.notion.so/2a62bdc25399492c9b873e6c14e61889,"""2022-09-06T21:50:00.000Z""",Smart software untangles gene regulation in cells,"""https://www.nature.com/articles/d41586-022-02826-1"""
https://www.notion.so/1a66e3acc7a64b1ca5f48d74f9dac9e5,"""2022-09-06T21:29:00.000Z""",From sequence to function through structure: deep learning for protein design | bioRxiv,"""https://www.biorxiv.org/content/10.1101/2022.08.31.505981v1"""
https://www.notion.so/7000f6ddac274b59bf75876f70b4d421,"""2022-08-30T10:10:00.000Z""",Sequence Alignment/Map format and SAMtools,"""https://academic.oup.com/bioinformatics/article/25/16/2078/204688"""
https://www.notion.so/c4753d079634427180b15b270f9a5136,"""2022-08-29T08:27:00.000Z""",Deep self-supervised learning for biosynthetic gene cluster detection and product classification,"""https://www.biorxiv.org/content/10.1101/2022.07.22.500861v1"""
https://www.notion.so/8e0583de47bc4107a7d91d74393fef09,"""2022-08-28T19:32:00.000Z""",,"""https://onlinelibrary.wiley.com/doi/10.1002/bies.202200105?s=09"""
https://www.notion.so/4fc622749d3c4ffb8ba37e22ffa9e3b9,"""2022-08-28T10:06:00.000Z""",Genome-wide prediction of disease variants with a deep protein language model,"""https://www.biorxiv.org/content/10.1101/2022.08.25.505311v1"""
https://www.notion.so/9d7271e2b7154ad7bc130ca263cbbdd9,"""2022-08-27T07:44:00.000Z""",Understanding Diffusion Models: A Unified Perspective,"""https://arxiv.org/abs/2208.11970?s=09"""
https://www.notion.so/31e4bca72ea548198cdbe6157e4156f5,"""2022-08-25T21:14:00.000Z""",,"""https://www.nature.com/articles/s41525-022-00323-y"""
https://www.notion.so/5aa0f70ec5f34194bd50e232816836c0,"""2022-08-25T20:15:00.000Z""",PFDB: A standardized protein folding database with temperature correction | Scientific Reports,"""https://www.nature.com/articles/s41598-018-36992-y/"""
https://www.notion.so/823456406d6d488b8f1f925d2758a7ba,"""2022-08-25T20:13:00.000Z""",The modular cell gets connected | Science,"""https://www.science.org/doi/10.1126/science.abo2360"""
https://www.notion.so/1137695cb96848bbb1774ed08848fac7,"""2022-08-25T09:22:00.000Z""",Accurate calculation of side chain packing and free energy with applications to protein molecular dynamics,"""https://journals.plos.org/ploscompbiol/article?id=10.1371/journal.pcbi.1006342"""
https://www.notion.so/e7aafbb4a8444efa9e124e56b60cbffe,"""2022-08-25T09:21:00.000Z""",Trajectory-based training enables protein simulations with accurate folding and Boltzmann ensembles in cpu-hours,"""https://journals.plos.org/ploscompbiol/article?id=10.1371/journal.pcbi.1006578#references"""
https://www.notion.so/c2b26ed220d4481698b10880c77be96a,"""2022-08-18T15:15:00.000Z""",ICCV 2021 Open Access Repository,"""https://openaccess.thecvf.com/content/ICCV2021/html/Islam_A_Broad_Study_on_the_Transferability_of_Visual_Representations_With_ICCV_2021_paper.html"""
https://www.notion.so/868c9b0434224ce0ac36c295cf44f94a,"""2022-08-16T07:51:00.000Z""",Transformer: arbitrary frame prediction with generative models,null
https://www.notion.so/161ccf32c4204b3786340bddc856498e,"""2022-07-26T14:20:00.000Z""",PRISMOID: a comprehensive 3D structure database for post-translational modifications and mutations with functional impact | Briefings in Bioinformatics | Oxford Academic,"""https://academic.oup.com/bib/article/21/3/1069/5510293?login=false"""
https://www.notion.so/f7d6304914844e37a5cd582fcbd55525,"""2022-07-26T14:19:00.000Z""",MusiteDeep: a deep-learning based webserver for protein post-translational modification site prediction and visualization | Nucleic Acids Research | Oxford Academic,"""https://academic.oup.com/nar/article/48/W1/W140/5824154?itm_medium=sidebar&itm_campaign=trendmd-pilot&itm_source=trendmd-widget&itm_content=nar"""
https://www.notion.so/8061a28b008b48a299a6dead8b8bc3f1,"""2022-07-24T13:30:00.000Z""",Frontiers | Reaching the End-Game for GWAS: Machine Learning Approaches for the Prioritization of Complex Disease Loci,"""https://www.frontiersin.org/articles/10.3389/fgene.2020.00350/full"""
https://www.notion.so/aecbc8ee95e0478198661ce1452c547a,"""2022-07-22T09:23:00.000Z""",Genome-wide association studies | Nature Reviews Methods Primers,"""https://www.nature.com/articles/s43586-021-00056-9"""
https://www.notion.so/bc4c463562c74e78a50c354b85056cb3,"""2022-06-16T14:42:00.000Z""",Sampling alternative conformational states of transporters and receptors with AlphaFold2 | eLife,"""https://elifesciences.org/articles/75751"""
https://www.notion.so/564a0fbd971942d0bf34a4f1e28c8a11,"""2022-06-15T11:24:00.000Z""",Single-cell transcriptomics in the context of long-read nanopore sequencing,"""https://www.tandfonline.com/doi/full/10.1080/13102818.2021.1988868"""
